token,position_class,position_count,overall_count,position_share,overall_share,overrepresentation_ratio
ram,line_final,14,14,0.0031854379977246873,0.00037717549436930867,8.445506257110354
daiinplant,line_final,43,43,0.009783845278725825,0.001158467589848591,8.445506257110353
splant,line_final,19,19,0.004323094425483504,0.0005118810280726332,8.445506257110353
cthyplant,line_final,16,16,0.0036405005688282138,0.0004310577078506385,8.445506257110353
dyplant,line_final,16,16,0.0036405005688282138,0.0004310577078506385,8.445506257110353
dalplant,line_final,13,13,0.0029579067121729237,0.0003502343876286438,8.445506257110353
olfigure,line_final,11,11,0.002502844141069397,0.00029635217414731397,8.445506257110353
damplant,line_final,10,10,0.0022753128555176336,0.00026941106740664906,8.445506257110353
sy,line_final,14,15,0.0031854379977246873,0.0004041166011099736,7.88247250663633
ary,line_final,21,23,0.00477815699658703,0.0006196454550352928,7.711114408665974
ry,line_final,10,11,0.0022753128555176336,0.00029635217414731397,7.677732961009411
qokam,line_final,18,22,0.004095563139931741,0.0005927043482946279,6.90995966490847
ldy,line_final,14,18,0.0031854379977246873,0.00048493992133196833,6.568727088863608
oly,line_final,34,45,0.007736063708759955,0.0012123498033299207,6.381049172038933
am,line_final,60,82,0.013651877133105802,0.002209170752734522,6.179638724714893
om,line_final,14,20,0.0031854379977246873,0.0005388221348132981,5.911854379977248
dam,line_final,48,77,0.010921501706484642,0.002074465219031198,5.264731173263597
okam,line_final,15,25,0.0034129692832764505,0.0006735276685166226,5.067303754266212
otam,line_final,27,45,0.0061433447098976105,0.0012123498033299207,5.067303754266211
oldy,line_final,11,20,0.002502844141069397,0.0005388221348132981,4.645028441410695
dary,line_final,10,20,0.0022753128555176336,0.0005388221348132981,4.222753128555176
daly,line_final,11,24,0.002502844141069397,0.0006465865617759578,3.8708570345089117
aly,line_final,12,28,0.0027303754266211604,0.0007543509887386173,3.619502681618723
dy,line_final,83,201,0.01888509670079636,0.005415162454873646,3.487447857413728
lol,line_final,12,38,0.0027303754266211604,0.0010237620561452665,2.667001975929585
d,line_final,11,35,0.002502844141069397,0.0009429387359232717,2.654301966520397
ody,line_final,10,40,0.0022753128555176336,0.0010776442696265962,2.111376564277588
oky,line_final,17,80,0.0038680318543799774,0.0021552885392531924,1.79467007963595
oty,line_final,20,104,0.004550625711035267,0.0028018751010291504,1.6241358186750676
qoty,line_final,13,78,0.0029579067121729237,0.0021014063257718627,1.4075843761850588
sar,line_final,13,80,0.0029579067121729237,0.0021552885392531924,1.3723947667804324
dal,line_final,36,228,0.008191126279863481,0.006142572336871599,1.3335009879647926
qoky,line_final,20,131,0.004550625711035267,0.0035292849830271026,1.2893902682611225
lchedy,line_final,17,119,0.0038680318543799774,0.003205991702139124,1.2065008938729076
al,line_final,33,249,0.007508532423208191,0.006708335578425562,1.1192839617857093
y,line_final,17,132,0.0038680318543799774,0.0035562260897677674,1.087678836143
dar,line_final,36,286,0.008191126279863481,0.007705156527830164,1.0630707176782261
chdy,line_final,18,143,0.004095563139931741,0.003852578263915082,1.0630707176782261
cthy,line_final,11,89,0.002502844141069397,0.0023977584999191766,1.043826616047347
cheody,line_final,10,84,0.0022753128555176336,0.0022630529662158523,1.0054174115607561
dain,line_final,21,181,0.00477815699658703,0.004876340320060348,0.9798653668470575
daiin,line_final,84,751,0.01911262798634812,0.020232771162239344,0.9446371845502924
otain,line_final,10,95,0.0022753128555176336,0.0025594051403631662,0.8890006586431949
s,line_final,18,186,0.004095563139931741,0.005011045853763673,0.8173070571397115
chedy,line_final,33,490,0.007508532423208191,0.013201142302925805,0.5687789928257992
ar,line_final,23,344,0.005233219567690558,0.009267740718788728,0.5646704764928433
ol,line_final,31,507,0.007053469852104664,0.013659141117517107,0.5163919013223293
okaiin,line_final,12,203,0.0027303754266211604,0.005469044668354976,0.49924174918878933
aiin,line_final,25,448,0.005688282138794084,0.012069615819817877,0.47128941166910454
chey,line_final,16,336,0.0036405005688282138,0.00905221186486341,0.40216696462430246
shedy,line_final,19,424,0.004323094425483504,0.01142302925804192,0.3784542898233413
qokaiin,line_final,11,257,0.002502844141069397,0.006923864432350881,0.3614808125611435
or,line_final,14,344,0.0031854379977246873,0.009267740718788728,0.34371246395216554
shey,line_final,11,271,0.002502844141069397,0.00730103992672019,0.34280652704137965
qokeey,line_final,10,307,0.0022753128555176336,0.008270919769384126,0.2750979236843763
label,line_initial,35,35,0.007963594994311717,0.0009429387359232717,8.445506257110353
ychor,line_initial,16,16,0.0036405005688282138,0.0004310577078506385,8.445506257110353
ycheol,line_initial,13,14,0.0029579067121729237,0.00037717549436930867,7.842255810173899
dcheey,line_initial,11,12,0.002502844141069397,0.0003232932808879789,7.741714069017823
ychol,line_initial,11,12,0.002502844141069397,0.0003232932808879789,7.741714069017823
yshey,line_initial,11,12,0.002502844141069397,0.0003232932808879789,7.741714069017823
ycheey,line_initial,21,23,0.00477815699658703,0.0006196454550352928,7.711114408665974
ycheo,line_initial,13,15,0.0029579067121729237,0.0004041166011099736,7.319438756162306
pol,line_initial,19,23,0.004323094425483504,0.0006196454550352928,6.976722560221596
dshedy,line_initial,28,34,0.006370875995449375,0.0009159976291826068,6.955122799973232
qotchor,line_initial,11,14,0.002502844141069397,0.00037717549436930867,6.635754916300992
dshey,line_initial,10,14,0.0022753128555176336,0.00037717549436930867,6.032504469364538
ychey,line_initial,10,14,0.0022753128555176336,0.00037717549436930867,6.032504469364538
sor,line_initial,34,48,0.007736063708759955,0.0012931731235519156,5.9822335987865
dchey,line_initial,12,17,0.0027303754266211604,0.0004579988145913034,5.961533828548484
tchedy,line_initial,23,33,0.005233219567690558,0.0008890565224419419,5.886261936773883
soiin,line_initial,12,18,0.0027303754266211604,0.00048493992133196833,5.630337504740235
dchedy,line_initial,16,25,0.0036405005688282138,0.0006735276685166226,5.4051240045506255
sol,line_initial,38,63,0.008646188850967008,0.0016972897246618891,5.094114885241165
tol,line_initial,27,46,0.0061433447098976105,0.0012392909100705856,4.957144976999555
doiin,line_initial,10,18,0.0022753128555176336,0.00048493992133196833,4.691947920616863
tchor,line_initial,10,18,0.0022753128555176336,0.00048493992133196833,4.691947920616863
sain,line_initial,35,64,0.007963594994311717,0.001724230831402554,4.618636234357224
tor,line_initial,12,23,0.0027303754266211604,0.0006196454550352928,4.406351090666272
dchor,line_initial,12,24,0.0027303754266211604,0.0006465865617759578,4.222753128555176
saiin,line_initial,54,128,0.012286689419795221,0.003448461662805108,3.5629479522184297
sair,line_initial,11,27,0.002502844141069397,0.0007274098819979525,3.440761808452366
qotor,line_initial,10,28,0.0022753128555176336,0.0007543509887386173,3.016252234682269
pchedy,line_initial,12,34,0.0027303754266211604,0.0009159976291826068,2.980766914274242
sar,line_initial,28,80,0.006370875995449375,0.0021552885392531924,2.955927189988624
tar,line_initial,15,43,0.0034129692832764505,0.001158467589848591,2.9461068338757044
dor,line_initial,24,70,0.005460750853242321,0.0018858774718465434,2.895602145294978
dair,line_initial,30,99,0.006825938566552901,0.0026671695673258257,2.5592443203364708
qotchy,line_initial,18,60,0.004095563139931741,0.0016164664044398943,2.533651877133106
taiin,line_initial,12,40,0.0027303754266211604,0.0010776442696265962,2.533651877133106
sho,line_initial,33,121,0.007508532423208191,0.0032598739156204535,2.3033198883028234
sal,line_initial,13,49,0.0029579067121729237,0.0013201142302925804,2.2406445171925427
dain,line_initial,47,181,0.010693970420932878,0.004876340320060348,2.193032011514843
y,line_initial,34,132,0.007736063708759955,0.0035562260897677674,2.175357672286
ykaiin,line_initial,10,43,0.0022753128555176336,0.001158467589848591,1.9640712225838028
ykeey,line_initial,11,53,0.002502844141069397,0.00142787865725524,1.7528409212870544
shor,line_initial,19,92,0.004323094425483504,0.0024785818201411712,1.744180640055399
daiin,line_initial,148,751,0.03367463026166098,0.020232771162239344,1.664360753731468
qokchy,line_initial,12,67,0.0027303754266211604,0.0018050541516245488,1.512627986348123
o,line_initial,11,71,0.002502844141069397,0.0019128185785872085,1.3084587158903362
dol,line_initial,16,109,0.0036405005688282138,0.0029365806347324747,1.2397073404932628
otol,line_initial,10,81,0.0022753128555176336,0.0021822296459938573,1.042655093470414
dar,line_initial,35,286,0.007963594994311717,0.007705156527830164,1.0335409755204976
qokol,line_initial,12,103,0.0027303754266211604,0.0027749339942884856,0.9839424765565459
qol,line_initial,16,146,0.0036405005688282138,0.003933401584137076,0.9255349322860661
qokeedy,line_initial,32,301,0.0072810011376564275,0.008109273128940137,0.8978611303240243
qokeey,line_initial,32,307,0.0072810011376564275,0.008270919769384126,0.8803133557900042
okeey,line_initial,17,172,0.0038680318543799774,0.004633870359394364,0.8347302695981162
qokaiin,line_initial,25,257,0.005688282138794084,0.006923864432350881,0.8215473012753262
oteey,line_initial,13,134,0.0029579067121729237,0.0036101083032490976,0.8193401592718998
shol,line_initial,16,174,0.0036405005688282138,0.004687752572875694,0.7765982765158944
or,line_initial,30,344,0.006825938566552901,0.009267740718788728,0.7365267084689261
qokedy,line_initial,19,263,0.004323094425483504,0.00708551107279487,0.6101316307418125
qokain,line_initial,19,271,0.004323094425483504,0.00730103992672019,0.5921203648896557
okaiin,line_initial,13,203,0.0029579067121729237,0.005469044668354976,0.5408452282878551
qokal,line_initial,11,182,0.002502844141069397,0.004903281426801013,0.5104426858693071
chor,line_initial,12,203,0.0027303754266211604,0.005469044668354976,0.49924174918878933
ol,line_initial,29,507,0.006598407281001138,0.013659141117517107,0.4830762947854048
chol,line_initial,18,378,0.004095563139931741,0.010183738347971335,0.4021669646243025
cheeor,line_medial,14,14,0.000508794882977177,0.00037717549436930867,1.3489606047390612
cphol,line_medial,14,14,0.000508794882977177,0.00037717549436930867,1.3489606047390612
shal,line_medial,14,14,0.000508794882977177,0.00037717549436930867,1.3489606047390612
kchy,line_medial,27,27,0.0009812472743131269,0.0007274098819979525,1.348960604739061
she,line_medial,25,25,0.0009085622910306731,0.0006735276685166226,1.348960604739061
aiir,line_medial,23,23,0.0008358773077482192,0.0006196454550352928,1.348960604739061
chl,line_medial,22,22,0.0007995348161069923,0.0005927043482946279,1.348960604739061
keody,line_medial,22,22,0.0007995348161069923,0.0005927043482946279,1.348960604739061
chdal,line_medial,18,18,0.0006541648495420846,0.00048493992133196833,1.348960604739061
qockhey,line_medial,18,18,0.0006541648495420846,0.00048493992133196833,1.348960604739061
chdaiin,line_medial,16,16,0.0005814798662596307,0.0004310577078506385,1.348960604739061
cheeody,line_medial,12,12,0.0004361098996947231,0.0003232932808879789,1.348960604739061
ctheey,line_medial,12,12,0.0004361098996947231,0.0003232932808879789,1.348960604739061
chotar,line_medial,11,11,0.00039976740805349614,0.00029635217414731397,1.348960604739061
keeey,line_medial,11,11,0.00039976740805349614,0.00029635217414731397,1.348960604739061
otedar,line_medial,11,11,0.00039976740805349614,0.00029635217414731397,1.348960604739061
qodain,line_medial,11,11,0.00039976740805349614,0.00029635217414731397,1.348960604739061
qoteol,line_medial,11,11,0.00039976740805349614,0.00029635217414731397,1.348960604739061
shckhey,line_medial,11,11,0.00039976740805349614,0.00029635217414731397,1.348960604739061
shckhy,line_medial,55,55,0.0019988370402674806,0.0014817608707365698,1.3489606047390608
sheo,line_medial,47,47,0.0017080971071376653,0.0012662320168112507,1.3489606047390608
chedar,line_medial,30,30,0.0010902747492368076,0.0008082332022199472,1.3489606047390608
shcthy,line_medial,30,30,0.0010902747492368076,0.0008082332022199472,1.3489606047390608
shear,line_medial,20,20,0.0007268498328245384,0.0005388221348132981,1.3489606047390608
chs,line_medial,15,15,0.0005451373746184038,0.0004041166011099736,1.3489606047390608
qoeey,line_medial,15,15,0.0005451373746184038,0.0004041166011099736,1.3489606047390608
qopchdy,line_medial,15,15,0.0005451373746184038,0.0004041166011099736,1.3489606047390608
chckhdy,line_medial,13,13,0.00047245239133594997,0.0003502343876286438,1.3489606047390608
chkal,line_medial,13,13,0.00047245239133594997,0.0003502343876286438,1.3489606047390608
key,line_medial,13,13,0.00047245239133594997,0.0003502343876286438,1.3489606047390608
shedaiin,line_medial,13,13,0.00047245239133594997,0.0003502343876286438,1.3489606047390608
shee,line_medial,13,13,0.00047245239133594997,0.0003502343876286438,1.3489606047390608
teedy,line_medial,13,13,0.00047245239133594997,0.0003502343876286438,1.3489606047390608
checkhey,line_medial,10,10,0.0003634249164122692,0.00026941106740664906,1.3489606047390608
chokain,line_medial,10,10,0.0003634249164122692,0.00026941106740664906,1.3489606047390608
ctheol,line_medial,10,10,0.0003634249164122692,0.00026941106740664906,1.3489606047390608
oteeody,line_medial,10,10,0.0003634249164122692,0.00026941106740664906,1.3489606047390608
qopchey,line_medial,10,10,0.0003634249164122692,0.00026941106740664906,1.3489606047390608
tey,line_medial,10,10,0.0003634249164122692,0.00026941106740664906,1.3489606047390608
cheo,line_medial,63,64,0.002289576973397296,0.001724230831402554,1.3278830952900131
checkhy,line_medial,45,46,0.0016354121238552116,0.0012392909100705856,1.3196353742012554
keey,line_medial,42,43,0.0015263846489315307,0.001158467589848591,1.317589427884664
sheedy,line_medial,81,83,0.002943741822939381,0.002236111859475187,1.3164555299260716
sheckhy,line_medial,34,35,0.0012356447158017154,0.0009429387359232717,1.3104188731750879
chees,line_medial,31,32,0.0011266172408780346,0.000862115415701277,1.3068055858409653
oiin,line_medial,31,32,0.0011266172408780346,0.000862115415701277,1.3068055858409653
cho,line_medial,58,60,0.0021078645151911615,0.0016164664044398943,1.3039952512477588
cheal,line_medial,29,30,0.0010539322575955808,0.0008082332022199472,1.3039952512477588
ckhey,line_medial,29,30,0.0010539322575955808,0.0008082332022199472,1.3039952512477588
cheey,line_medial,166,173,0.006032853612443669,0.004660811466135029,1.2943783837380585
opchedy,line_medial,47,49,0.0017080971071376653,0.0013201142302925804,1.2939009882190993
cheeky,line_medial,23,24,0.0008358773077482192,0.0006465865617759578,1.2927539128749332
sheey,line_medial,135,141,0.004906236371565635,0.0037986960504337516,1.2915580258139945
chear,line_medial,45,47,0.0016354121238552116,0.0012662320168112507,1.2915580258139945
kedy,line_medial,42,44,0.0015263846489315307,0.0011854086965892559,1.287644213614558
ched,line_medial,21,22,0.0007631923244657653,0.0005927043482946279,1.287644213614558
ckhol,line_medial,20,21,0.0007268498328245384,0.0005657632415539631,1.2847243854657722
aiiin,line_medial,39,41,0.00141735717400785,0.001104585376367261,1.2831576484103264
chdar,line_medial,19,20,0.0006905073411833116,0.0005388221348132981,1.2815125745021079
shecthy,line_medial,19,20,0.0006905073411833116,0.0005388221348132981,1.2815125745021079
teey,line_medial,19,20,0.0006905073411833116,0.0005388221348132981,1.2815125745021079
cheedy,line_medial,56,59,0.002035179531908708,0.0015895252976992295,1.2803693875489393
otey,line_medial,54,57,0.0019624945486262538,0.0015356430842178997,1.2779626781738471
chedain,line_medial,18,19,0.0006541648495420846,0.0005118810280726332,1.2779626781738471
keol,line_medial,18,19,0.0006541648495420846,0.0005118810280726332,1.2779626781738471
olkar,line_medial,18,19,0.0006541648495420846,0.0005118810280726332,1.2779626781738471
sheal,line_medial,18,19,0.0006541648495420846,0.0005118810280726332,1.2779626781738471
air,line_medial,69,73,0.0025076319232446576,0.001966700792068538,1.275044955164318
shey,line_medial,256,271,0.009303677860154092,0.00730103992672019,1.2742948886095926
ches,line_medial,34,36,0.0012356447158017154,0.0009698798426639367,1.2740183489202241
kol,line_medial,34,36,0.0012356447158017154,0.0009698798426639367,1.2740183489202241
qockhy,line_medial,17,18,0.0006178223579008577,0.00048493992133196833,1.2740183489202241
aiin,line_medial,423,448,0.015372873964238988,0.012069615819817877,1.273683785278176
sheky,line_medial,33,35,0.0011993022241604885,0.0009429387359232717,1.2718771416111148
chol,line_medial,356,378,0.012937927024276784,0.010183738347971335,1.270449670071708
qokair,line_medial,16,17,0.0005814798662596307,0.0004579988145913034,1.2696099809308807
sheos,line_medial,16,17,0.0005814798662596307,0.0004579988145913034,1.2696099809308807
cheos,line_medial,31,33,0.0011266172408780346,0.0008890565224419419,1.2672054165730573
cheor,line_medial,92,98,0.003343509230992877,0.002640228460585161,1.2663711799591184
sheody,line_medial,46,49,0.0016717546154964384,0.0013201142302925804,1.2663711799591184
shedy,line_medial,398,424,0.014464311673208316,0.01142302925804192,1.2662413223729865
chckhy,line_medial,122,130,0.004433783980229685,0.0035023438762864377,1.2659476444474265
chey,line_medial,315,336,0.011447884866986481,0.00905221186486341,1.2646505669428696
kaiin,line_medial,60,64,0.002180549498473615,0.001724230831402554,1.2646505669428696
qokeol,line_medial,45,48,0.0016354121238552116,0.0012931731235519156,1.2646505669428696
lkchedy,line_medial,15,16,0.0005451373746184038,0.0004310577078506385,1.2646505669428696
ty,line_medial,15,16,0.0005451373746184038,0.0004310577078506385,1.2646505669428696
chcthy,line_medial,72,77,0.0026166593981683385,0.002074465219031198,1.2613657602754855
kain,line_medial,43,46,0.0015627271405727577,0.0012392909100705856,1.260984913125644
cheol,line_medial,155,166,0.005633086204390173,0.004472223718950374,1.2595716490033402
chckhey,line_medial,28,30,0.001017589765954354,0.0008082332022199472,1.2590298977564571
lkar,line_medial,28,30,0.001017589765954354,0.0008082332022199472,1.2590298977564571
qotedy,line_medial,84,90,0.0030527692978630614,0.0024246996066598415,1.259029897756457
opchey,line_medial,27,29,0.0009812472743131269,0.0007812920954792823,1.2559288388949876
ctho,line_medial,13,14,0.00047245239133594997,0.00037717549436930867,1.252606275829128
kair,line_medial,13,14,0.00047245239133594997,0.00037717549436930867,1.252606275829128
sheeol,line_medial,13,14,0.00047245239133594997,0.00037717549436930867,1.252606275829128
otar,line_medial,127,137,0.004615496438435819,0.003690931623471092,1.2504963270208813
lkeey,line_medial,38,41,0.0013810146823666231,0.001104585376367261,1.2502561702459591
qodaiin,line_medial,38,41,0.0013810146823666231,0.001104585376367261,1.2502561702459591
qokar,line_medial,138,149,0.005015263846489315,0.004014224904359071,1.2493729090871837
chor,line_medial,188,203,0.006832388428550661,0.005469044668354976,1.2492837127632683
checthy,line_medial,25,27,0.0009085622910306731,0.0007274098819979525,1.249037596980612
lkeedy,line_medial,37,40,0.001344672190725396,0.0010776442696265962,1.2477885593836313
keedy,line_medial,49,53,0.0017807820904201192,0.00142787865725524,1.2471522572115845
keeol,line_medial,12,13,0.0004361098996947231,0.0003502343876286438,1.2451944043745178
qokeeody,line_medial,12,13,0.0004361098996947231,0.0003502343876286438,1.2451944043745178
sheeky,line_medial,12,13,0.0004361098996947231,0.0003502343876286438,1.2451944043745178
shes,line_medial,12,13,0.0004361098996947231,0.0003502343876286438,1.2451944043745178
chedy,line_medial,451,490,0.01639046373019334,0.013201142302925805,1.2415943525251354
oteedy,line_medial,91,99,0.00330716673935165,0.0026671695673258257,1.2399536871843895
ar,line_medial,316,344,0.011484227358627707,0.009267740718788728,1.2391614857486721
sheol,line_medial,101,110,0.0036705916557639193,0.0029635217414731396,1.238591100714956
chy,line_medial,122,133,0.004433783980229685,0.0035831671965084327,1.2373924344222966
chedal,line_medial,22,24,0.0007995348161069923,0.0006465865617759578,1.2365472210108057
chety,line_medial,22,24,0.0007995348161069923,0.0006465865617759578,1.2365472210108057
qotchedy,line_medial,22,24,0.0007995348161069923,0.0006465865617759578,1.2365472210108057
chekal,line_medial,11,12,0.00039976740805349614,0.0003232932808879789,1.2365472210108057
chkain,line_medial,11,12,0.00039976740805349614,0.0003232932808879789,1.2365472210108057
oteor,line_medial,11,12,0.00039976740805349614,0.0003232932808879789,1.2365472210108057
otedy,line_medial,140,153,0.005087948829771769,0.004121989331321731,1.2343430370161341
qotchdy,line_medial,21,23,0.0007631923244657653,0.0006196454550352928,1.2316596825878383
qotey,line_medial,21,23,0.0007631923244657653,0.0006196454550352928,1.2316596825878383
chal,line_medial,41,45,0.0014900421572903038,0.0012123498033299207,1.2290529954289222
qokchdy,line_medial,51,56,0.001853467073702573,0.0015087019774772347,1.2285176936016449
chckhedy,line_medial,10,11,0.0003634249164122692,0.00029635217414731397,1.2263278224900553
chcphy,line_medial,10,11,0.0003634249164122692,0.00029635217414731397,1.2263278224900553
chkar,line_medial,10,11,0.0003634249164122692,0.00029635217414731397,1.2263278224900553
ckheey,line_medial,10,11,0.0003634249164122692,0.00029635217414731397,1.2263278224900553
fchedy,line_medial,10,11,0.0003634249164122692,0.00029635217414731397,1.2263278224900553
okeal,line_medial,10,11,0.0003634249164122692,0.00029635217414731397,1.2263278224900553
olar,line_medial,10,11,0.0003634249164122692,0.00029635217414731397,1.2263278224900553
pchdy,line_medial,10,11,0.0003634249164122692,0.00029635217414731397,1.2263278224900553
qolchey,line_medial,10,11,0.0003634249164122692,0.00029635217414731397,1.2263278224900553
qopchy,line_medial,10,11,0.0003634249164122692,0.00029635217414731397,1.2263278224900553
ytain,line_medial,10,11,0.0003634249164122692,0.00029635217414731397,1.2263278224900553
chody,line_medial,78,86,0.0028347143480157,0.002316935179697182,1.2234758973214739
olkain,line_medial,29,32,0.0010539322575955808,0.000862115415701277,1.222495548044774
qopchedy,line_medial,29,32,0.0010539322575955808,0.000862115415701277,1.222495548044774
qoteey,line_medial,38,42,0.0013810146823666231,0.0011315264831079262,1.2204881661924836
kchedy,line_medial,19,21,0.0006905073411833116,0.0005657632415539631,1.2204881661924836
kchol,line_medial,19,21,0.0006905073411833116,0.0005657632415539631,1.2204881661924836
kar,line_medial,47,52,0.0017080971071376653,0.0014009375505145752,1.2192528542833818
olkaiin,line_medial,28,31,0.001017589765954354,0.0008351743089606121,1.2184160300868938
qokeody,line_medial,28,31,0.001017589765954354,0.0008351743089606121,1.2184160300868938
cthey,line_medial,37,41,0.001344672190725396,0.001104585376367261,1.2173546920815916
tedy,line_medial,37,41,0.001344672190725396,0.001104585376367261,1.2173546920815916
sheor,line_medial,46,51,0.0016717546154964384,0.0013739964437739101,1.216709565058761
qokedy,line_medial,237,263,0.008613170518970781,0.00708551107279487,1.215603282597557
shaiin,line_medial,18,20,0.0006541648495420846,0.0005388221348132981,1.214064544265155
lkaiin,line_medial,44,49,0.0015990696322139846,0.0013201142302925804,1.2113115634391567
okedy,line_medial,105,117,0.003815961622328827,0.003152109488657794,1.2106056709196702
qokain,line_medial,243,271,0.008831225468818142,0.00730103992672019,1.2095846012973868
qotal,line_medial,51,57,0.001853467073702573,0.0015356430842178997,1.2069647516086335
cthar,line_medial,17,19,0.0006178223579008577,0.0005118810280726332,1.2069647516086335
qotchey,line_medial,17,19,0.0006178223579008577,0.0005118810280726332,1.2069647516086335
lkedy,line_medial,25,28,0.0009085622910306731,0.0007543509887386173,1.2044291113741616
os,line_medial,25,28,0.0009085622910306731,0.0007543509887386173,1.2044291113741616
otaiin,line_medial,133,149,0.004833551388283181,0.004014224904359071,1.204105774699967
qotain,line_medial,57,64,0.0020715220235499347,0.001724230831402554,1.2014180385957263
raiin,line_medial,65,73,0.00236226195667975,0.001966700792068538,1.2011293055895749
qokchol,line_medial,16,18,0.0005814798662596307,0.00048493992133196833,1.1990760931013873
shed,line_medial,16,18,0.0005814798662596307,0.00048493992133196833,1.1990760931013873
ykedy,line_medial,16,18,0.0005814798662596307,0.00048493992133196833,1.1990760931013873
char,line_medial,63,71,0.002289576973397296,0.0019128185785872085,1.1969650436417019
choky,line_medial,31,35,0.0011266172408780346,0.0009429387359232717,1.1947936784831683
okey,line_medial,54,61,0.0019624945486262538,0.0016434075111805592,1.1941618468181852
shol,line_medial,154,174,0.005596743712748946,0.004687752572875694,1.1939076616656057
ain,line_medial,77,87,0.002798371856374473,0.002343876286437847,1.1939076616656057
qokal,line_medial,161,182,0.005851141154237535,0.004903281426801013,1.1933113041922463
otain,line_medial,84,95,0.0030527692978630614,0.0025594051403631662,1.1927651662955905
okeedy,line_medial,90,102,0.0032708242477104232,0.0027479928875478203,1.190259357122701
chain,line_medial,15,17,0.0005451373746184038,0.0004579988145913034,1.1902593571227007
chky,line_medial,15,17,0.0005451373746184038,0.0004579988145913034,1.1902593571227007
okeeol,line_medial,15,17,0.0005451373746184038,0.0004579988145913034,1.1902593571227007
ol,line_medial,447,507,0.016245093763628433,0.013659141117517107,1.1893202964859175
lshedy,line_medial,37,42,0.001344672190725396,0.0011315264831079262,1.1883700565558393
olkedy,line_medial,22,25,0.0007995348161069923,0.0006735276685166226,1.1870853321703736
qokeedy,line_medial,264,301,0.009594417793283908,0.008109273128940137,1.1831415270801067
cthy,line_medial,78,89,0.0028347143480157,0.0023977584999191766,1.182235136737604
chedaiin,line_medial,28,32,0.001017589765954354,0.000862115415701277,1.1803405291466784
ckhy,line_medial,28,32,0.001017589765954354,0.000862115415701277,1.1803405291466784
otchedy,line_medial,28,32,0.001017589765954354,0.000862115415701277,1.1803405291466784
shar,line_medial,28,32,0.001017589765954354,0.000862115415701277,1.1803405291466784
kchdy,line_medial,14,16,0.000508794882977177,0.0004310577078506385,1.1803405291466784
qokol,line_medial,90,103,0.0032708242477104232,0.0027749339942884856,1.1787034410341308
cheky,line_medial,55,63,0.0019988370402674806,0.0016972897246618891,1.1776640200102912
qotar,line_medial,55,63,0.0019988370402674806,0.0016972897246618891,1.1776640200102912
cthol,line_medial,48,55,0.0017444395987788923,0.0014817608707365698,1.1772747095904532
qokey,line_medial,89,102,0.003234481756069196,0.0027479928875478203,1.177034253154671
qokchedy,line_medial,34,39,0.0012356447158017154,0.0010507031628859314,1.1760169374648224
okar,line_medial,108,124,0.0039249890972525075,0.0033406972358424485,1.1749011718695046
otchey,line_medial,27,31,0.0009812472743131269,0.0008351743089606121,1.1749011718695046
qokeeo,line_medial,20,23,0.0007268498328245384,0.0006196454550352928,1.173009221512227
or,line_medial,299,344,0.01086640500072685,0.009267740718788728,1.1724977349330792
okain,line_medial,119,137,0.0043247565053060035,0.003690931623471092,1.1717249048463376
okal,line_medial,111,128,0.004034016572176188,0.003448461662805108,1.1698017744221543
qokchey,line_medial,26,30,0.0009449047826718999,0.0008082332022199472,1.1690991907738528
okeey,line_medial,149,172,0.005415031254542811,0.004633870359394364,1.1685763378262795
shdy,line_medial,38,44,0.0013810146823666231,0.0011854086965892559,1.1650114313655526
okeor,line_medial,19,22,0.0006905073411833116,0.0005927043482946279,1.1650114313655526
tchey,line_medial,19,22,0.0006905073411833116,0.0005927043482946279,1.1650114313655526
tchy,line_medial,19,22,0.0006905073411833116,0.0005927043482946279,1.1650114313655526
al,line_medial,215,249,0.007813635702863789,0.006708335578425562,1.1647651807987875
qokeey,line_medial,265,307,0.009630760284925134,0.008270919769384126,1.1644122483903947
olaiin,line_medial,44,51,0.0015990696322139846,0.0013739964437739101,1.163809149186641
okaiin,line_medial,175,203,0.006359936037214711,0.005469044668354976,1.1628970730509147
chdy,line_medial,123,143,0.004470126471870912,0.003852578263915082,1.160294785894437
qokaiin,line_medial,221,257,0.00803169065271115,0.006923864432350881,1.1600011425966243
otal,line_medial,116,135,0.004215729030382323,0.0036370494099897625,1.159106889998008
shy,line_medial,78,91,0.0028347143480157,0.0024516407134005064,1.1562519469191952
oteos,line_medial,24,28,0.0008722197993894462,0.0007543509887386173,1.1562519469191952
chokaiin,line_medial,12,14,0.0004361098996947231,0.00037717549436930867,1.1562519469191952
chokchy,line_medial,12,14,0.0004361098996947231,0.00037717549436930867,1.1562519469191952
okeeody,line_medial,12,14,0.0004361098996947231,0.00037717549436930867,1.1562519469191952
ykal,line_medial,12,14,0.0004361098996947231,0.00037717549436930867,1.1562519469191952
cthor,line_medial,36,42,0.0013083296990841692,0.0011315264831079262,1.156251946919195
choty,line_medial,30,35,0.0010902747492368076,0.0009429387359232717,1.156251946919195
lkain,line_medial,30,35,0.0010902747492368076,0.0009429387359232717,1.156251946919195
kchey,line_medial,18,21,0.0006541648495420846,0.0005657632415539631,1.156251946919195
ky,line_medial,18,21,0.0006541648495420846,0.0005657632415539631,1.156251946919195
okair,line_medial,18,21,0.0006541648495420846,0.0005657632415539631,1.156251946919195
oteey,line_medial,114,134,0.004143044047099869,0.0036101083032490976,1.1476232010466638
chaiin,line_medial,34,40,0.0012356447158017154,0.0010776442696265962,1.1466165140282019
qoeedy,line_medial,17,20,0.0006178223579008577,0.0005388221348132981,1.1466165140282019
r,line_medial,72,85,0.0026166593981683385,0.002289994072956517,1.1426489828377928
okeeey,line_medial,22,26,0.0007995348161069923,0.0007004687752572876,1.1414282040099746
qokeeey,line_medial,22,26,0.0007995348161069923,0.0007004687752572876,1.1414282040099746
chkeey,line_medial,11,13,0.00039976740805349614,0.0003502343876286438,1.1414282040099746
choy,line_medial,11,13,0.00039976740805349614,0.0003502343876286438,1.1414282040099746
cphy,line_medial,11,13,0.00039976740805349614,0.0003502343876286438,1.1414282040099746
opaiin,line_medial,11,13,0.00039976740805349614,0.0003502343876286438,1.1414282040099746
cheody,line_medial,71,84,0.0025803169065271117,0.0022630529662158523,1.1401928921008728
qol,line_medial,123,146,0.004470126471870912,0.003933401584137076,1.1364531122116748
chodaiin,line_medial,32,38,0.0011629597325192615,0.0010237620561452665,1.1359668250434196
oteody,line_medial,32,38,0.0011629597325192615,0.0010237620561452665,1.1359668250434196
tal,line_medial,16,19,0.0005814798662596307,0.0005118810280726332,1.1359668250434196
otchy,line_medial,37,44,0.001344672190725396,0.0011854086965892559,1.1343532358033013
kor,line_medial,21,25,0.0007631923244657653,0.0006735276685166226,1.133126907980811
yteey,line_medial,21,25,0.0007631923244657653,0.0006735276685166226,1.133126907980811
qotaiin,line_medial,62,74,0.0022532344817560693,0.0019936418988092033,1.130210236402997
l,line_medial,46,55,0.0016717546154964384,0.0014817608707365698,1.128221596690851
qoteedy,line_medial,61,73,0.0022168919901148425,0.001966700792068538,1.127213656014832
olkeedy,line_medial,35,42,0.0012719872074429422,0.0011315264831079262,1.1241338372825507
chockhy,line_medial,15,18,0.0005451373746184038,0.00048493992133196833,1.1241338372825507
cthody,line_medial,15,18,0.0005451373746184038,0.00048493992133196833,1.1241338372825507
lshey,line_medial,15,18,0.0005451373746184038,0.00048493992133196833,1.1241338372825507
choly,line_medial,10,12,0.0003634249164122692,0.0003232932808879789,1.1241338372825507
oteeo,line_medial,10,12,0.0003634249164122692,0.0003232932808879789,1.1241338372825507
otshedy,line_medial,10,12,0.0003634249164122692,0.0003232932808879789,1.1241338372825507
qoteody,line_medial,10,12,0.0003634249164122692,0.0003232932808879789,1.1241338372825507
shocthy,line_medial,10,12,0.0003634249164122692,0.0003232932808879789,1.1241338372825507
qokor,line_medial,29,35,0.0010539322575955808,0.0009429387359232717,1.1177102153552219
dol,line_medial,90,109,0.0032708242477104232,0.0029365806347324747,1.1138206828120687
olkeey,line_medial,33,40,0.0011993022241604885,0.0010776442696265962,1.1128924989097253
oteol,line_medial,33,40,0.0011993022241604885,0.0010776442696265962,1.1128924989097253
odaiin,line_medial,47,57,0.0017080971071376653,0.0015356430842178997,1.1123008495216817
chkaiin,line_medial,14,17,0.000508794882977177,0.0004579988145913034,1.110908733314521
chocthy,line_medial,14,17,0.000508794882977177,0.0004579988145913034,1.110908733314521
s,line_medial,153,186,0.005560401221107719,0.005011045853763673,1.109628884543421
olchey,line_medial,23,28,0.0008358773077482192,0.0007543509887386173,1.1080747824642287
olchedy,line_medial,27,33,0.0009812472743131269,0.0008890565224419419,1.10369504024105
kal,line_medial,18,22,0.0006541648495420846,0.0005927043482946279,1.10369504024105
qoaiin,line_medial,18,22,0.0006541648495420846,0.0005927043482946279,1.10369504024105
okeol,line_medial,53,65,0.001926152056985027,0.0017511719381432189,1.0999217238641574
lchedy,line_medial,97,119,0.0035252216891990115,0.003205991702139124,1.099572929913352
qo,line_medial,22,27,0.0007995348161069923,0.0007274098819979525,1.0991530853429385
otor,line_medial,34,42,0.0012356447158017154,0.0011315264831079262,1.0920157276459064
otair,line_medial,17,21,0.0006178223579008577,0.0005657632415539631,1.0920157276459064
ytedy,line_medial,17,21,0.0006178223579008577,0.0005657632415539631,1.0920157276459064
qoky,line_medial,106,131,0.003852304113970054,0.0035292849830271026,1.0915253748270264
qotol,line_medial,38,47,0.0013810146823666231,0.0012662320168112507,1.090648999576262
otchdy,line_medial,21,26,0.0007631923244657653,0.0007004687752572876,1.0895451038277029
okol,line_medial,61,76,0.0022168919901148425,0.002047524112290533,1.0827183801195095
otol,line_medial,65,81,0.00236226195667975,0.0021822296459938573,1.0824992507165303
lchey,line_medial,36,45,0.0013083296990841692,0.0012123498033299207,1.0791684837912487
okchedy,line_medial,20,25,0.0007268498328245384,0.0006735276685166226,1.0791684837912487
okeeo,line_medial,12,15,0.0004361098996947231,0.0004041166011099736,1.0791684837912487
qokaly,line_medial,12,15,0.0004361098996947231,0.0004041166011099736,1.0791684837912487
qokeed,line_medial,12,15,0.0004361098996947231,0.0004041166011099736,1.0791684837912487
teol,line_medial,12,15,0.0004361098996947231,0.0004041166011099736,1.0791684837912487
dal,line_medial,182,228,0.0066143334787033,0.006142572336871599,1.076801886239075
opchdy,line_medial,15,19,0.0005451373746184038,0.0005118810280726332,1.0649688984782057
rol,line_medial,15,19,0.0005451373746184038,0.0005118810280726332,1.0649688984782057
okor,line_medial,26,33,0.0009449047826718999,0.0008890565224419419,1.062817446158048
ykar,line_medial,26,33,0.0009449047826718999,0.0008890565224419419,1.062817446158048
okees,line_medial,11,14,0.00039976740805349614,0.00037717549436930867,1.0598976180092623
sh,line_medial,11,14,0.00039976740805349614,0.00037717549436930867,1.0598976180092623
odar,line_medial,18,23,0.0006541648495420846,0.0006196454550352928,1.0557082993610043
yty,line_medial,18,23,0.0006541648495420846,0.0006196454550352928,1.0557082993610043
qoty,line_medial,61,78,0.0022168919901148425,0.0021014063257718627,1.0549563703728555
okchey,line_medial,24,31,0.0008722197993894462,0.0008351743089606121,1.0443565972173374
ykeey,line_medial,41,53,0.0014900421572903038,0.00142787865725524,1.043535562156632
oraiin,line_medial,27,35,0.0009812472743131269,0.0009429387359232717,1.0406267522272756
rain,line_medial,20,26,0.0007268498328245384,0.0007004687752572876,1.0376620036454314
ykeedy,line_medial,20,26,0.0007268498328245384,0.0007004687752572876,1.0376620036454314
do,line_medial,10,13,0.0003634249164122692,0.0003502343876286438,1.0376620036454314
laiin,line_medial,10,13,0.0003634249164122692,0.0003502343876286438,1.0376620036454314
lcheey,line_medial,10,13,0.0003634249164122692,0.0003502343876286438,1.0376620036454314
odal,line_medial,10,13,0.0003634249164122692,0.0003502343876286438,1.0376620036454314
okchol,line_medial,10,13,0.0003634249164122692,0.0003502343876286438,1.0376620036454314
olain,line_medial,10,13,0.0003634249164122692,0.0003502343876286438,1.0376620036454314
qotchol,line_medial,10,13,0.0003634249164122692,0.0003502343876286438,1.0376620036454314
lky,line_medial,13,17,0.00047245239133594997,0.0004579988145913034,1.0315581095063406
lor,line_medial,32,42,0.0011629597325192615,0.0011315264831079262,1.0277795083726178
okchdy,line_medial,16,21,0.0005814798662596307,0.0005657632415539631,1.0277795083726178
rar,line_medial,16,21,0.0005814798662596307,0.0005657632415539631,1.0277795083726178
qokchy,line_medial,51,67,0.001853467073702573,0.0018050541516245488,1.0268207588312255
oty,line_medial,79,104,0.0028710568396569268,0.0028018751010291504,1.0246912285998635
dar,line_medial,215,286,0.007813635702863789,0.007705156527830164,1.0140787762898535
shor,line_medial,69,92,0.0025076319232446576,0.0024785818201411712,1.0117204535542956
ytaiin,line_medial,30,40,0.0010902747492368076,0.0010776442696265962,1.0117204535542956
olshedy,line_medial,15,20,0.0005451373746184038,0.0005388221348132981,1.0117204535542956
cheeo,line_medial,12,16,0.0004361098996947231,0.0004310577078506385,1.0117204535542956
ror,line_medial,12,16,0.0004361098996947231,0.0004310577078506385,1.0117204535542956
shody,line_medial,38,51,0.0013810146823666231,0.0013739964437739101,1.0051079015702808
chos,line_medial,26,35,0.0009449047826718999,0.0009429387359232717,1.0020850206633023
dchy,line_medial,20,27,0.0007268498328245384,0.0007274098819979525,0.9992300775844895
okody,line_medial,11,15,0.00039976740805349614,0.0004041166011099736,0.9892377768086447
tain,line_medial,11,15,0.00039976740805349614,0.0004041166011099736,0.9892377768086447
tchdy,line_medial,11,15,0.00039976740805349614,0.0004041166011099736,0.9892377768086447
sho,line_medial,88,121,0.003198139264427969,0.0032598739156204535,0.9810622579920443
ody,line_medial,29,40,0.0010539322575955808,0.0010776442696265962,0.9779964384358192
okeody,line_medial,26,36,0.0009449047826718999,0.0009698798426639367,0.9742493256448772
odain,line_medial,13,18,0.00047245239133594997,0.00048493992133196833,0.9742493256448772
ykaiin,line_medial,31,43,0.0011266172408780346,0.001158467589848591,0.9725064824862998
daiiin,line_medial,10,14,0.0003634249164122692,0.00037717549436930867,0.9635432890993292
opchy,line_medial,10,14,0.0003634249164122692,0.00037717549436930867,0.9635432890993292
qokeor,line_medial,15,21,0.0005451373746184038,0.0005657632415539631,0.9635432890993291
ykchy,line_medial,12,17,0.0004361098996947231,0.0004579988145913034,0.9522074856981606
oky,line_medial,56,80,0.002035179531908708,0.0021552885392531924,0.9442724233173427
ytar,line_medial,18,26,0.0006541648495420846,0.0007004687752572876,0.9338958032808883
daiin,line_medial,519,751,0.018861753161796772,0.020232771162239344,0.9322377548063551
ytchy,line_medial,13,19,0.00047245239133594997,0.0005118810280726332,0.9229730453477785
qotchy,line_medial,41,60,0.0014900421572903038,0.0016164664044398943,0.9217897465716917
daiir,line_medial,15,22,0.0005451373746184038,0.0005927043482946279,0.9197458668675415
otchol,line_medial,17,25,0.0006178223579008577,0.0006735276685166226,0.9172932112225615
okchy,line_medial,23,34,0.0008358773077482192,0.0009159976291826068,0.9125321737940706
o,line_medial,48,71,0.0017444395987788923,0.0019128185785872085,0.9119733665841538
olky,line_medial,14,21,0.000508794882977177,0.0005657632415539631,0.8993070698260406
okchor,line_medial,12,18,0.0004361098996947231,0.00048493992133196833,0.8993070698260406
lchdy,line_medial,10,15,0.0003634249164122692,0.0004041166011099736,0.8993070698260406
olol,line_medial,10,15,0.0003634249164122692,0.0004041166011099736,0.8993070698260406
ral,line_medial,10,15,0.0003634249164122692,0.0004041166011099736,0.8993070698260406
dair,line_medial,65,99,0.00236226195667975,0.0026671695673258257,0.8856812051317066
kchor,line_medial,13,20,0.00047245239133594997,0.0005388221348132981,0.8768243930803896
shodaiin,line_medial,13,20,0.00047245239133594997,0.0005388221348132981,0.8768243930803896
qody,line_medial,11,17,0.00039976740805349614,0.0004579988145913034,0.8728568618899806
ytal,line_medial,11,17,0.00039976740805349614,0.0004579988145913034,0.8728568618899806
olor,line_medial,20,31,0.0007268498328245384,0.0008351743089606121,0.8702971643477811
qotor,line_medial,18,28,0.0006541648495420846,0.0007543509887386173,0.8671889601893964
qor,line_medial,14,22,0.000508794882977177,0.0005927043482946279,0.8584294757430389
taiin,line_medial,25,40,0.0009085622910306731,0.0010776442696265962,0.8431003779619132
dain,line_medial,113,181,0.0041067015554586426,0.004876340320060348,0.842168775334331
pchedy,line_medial,21,34,0.0007631923244657653,0.0009159976291826068,0.8331815499858906
dor,line_medial,42,70,0.0015263846489315307,0.0018858774718465434,0.8093763628434365
yteedy,line_medial,16,27,0.0005814798662596307,0.0007274098819979525,0.7993840620675916
yky,line_medial,10,17,0.0003634249164122692,0.0004579988145913034,0.7935062380818004
tar,line_medial,25,43,0.0009085622910306731,0.001158467589848591,0.7842794213599191
dy,line_medial,116,201,0.004215729030382323,0.005415162454873646,0.7785046276106024
sal,line_medial,28,49,0.001017589765954354,0.0013201142302925804,0.7708346312794635
aly,line_medial,16,28,0.0005814798662596307,0.0007543509887386173,0.7708346312794634
oaiin,line_medial,13,23,0.00047245239133594997,0.0006196454550352928,0.7624559939829475
sair,line_medial,15,27,0.0005451373746184038,0.0007274098819979525,0.7494225581883671
okaly,line_medial,11,20,0.00039976740805349614,0.0005388221348132981,0.7419283326064835
y,line_medial,71,132,0.0025803169065271117,0.0035562260897677674,0.7255772949732828
lol,line_medial,20,38,0.0007268498328245384,0.0010237620561452665,0.7099792656521372
saiin,line_medial,65,128,0.00236226195667975,0.003448461662805108,0.6850190570940543
daly,line_medial,12,24,0.0004361098996947231,0.0006465865617759578,0.6744803023695305
dchol,line_medial,10,20,0.0003634249164122692,0.0005388221348132981,0.6744803023695304
sar,line_medial,39,80,0.00141735717400785,0.0021552885392531924,0.6576182948102922
d,line_medial,17,35,0.0006178223579008577,0.0009429387359232717,0.6552094365875439
orain,line_medial,12,25,0.0004361098996947231,0.0006735276685166226,0.6475010902747492
dchor,line_medial,11,24,0.00039976740805349614,0.0006465865617759578,0.6182736105054029
tor,line_medial,10,23,0.0003634249164122692,0.0006196454550352928,0.5865046107561135
tol,line_medial,19,46,0.0006905073411833116,0.0012392909100705856,0.5571793802183078
sol,line_medial,24,63,0.0008722197993894462,0.0016972897246618891,0.5138897541863089
otam,line_medial,17,45,0.0006178223579008577,0.0012123498033299207,0.5096073395680897
sain,line_medial,24,64,0.0008722197993894462,0.001724230831402554,0.5058602267771478
dam,line_medial,28,77,0.001017589765954354,0.002074465219031198,0.4905311289960222
tchedy,line_medial,10,33,0.0003634249164122692,0.0008890565224419419,0.40877594083001845
sor,line_medial,14,48,0.000508794882977177,0.0012931731235519156,0.39344684304889277
am,line_medial,22,82,0.0007995348161069923,0.002209170752734522,0.36191625980804076
oly,line_medial,11,45,0.00039976740805349614,0.0012123498033299207,0.3297459256028816
o,single_token_line,11,71,0.013546798029556651,0.0019128185785872085,7.082113369874419
y,single_token_line,10,132,0.012315270935960592,0.0035562260897677674,3.4630168681892823
